Marca temporal,¬øTe gustan los animales dom√©sticos?,¬øTienes mascotas?,¬øCu√°ntas mascotas tienes?,¬øQu√© tipo de mascotas tienes?,¬øCu√°l es la personalidad de tu mascota?,¬øQu√© es lo que necesitas saber antes de tener una mascota?,¬øTienes afiliada a tu mascota a EPS?,¬øTienes afiliada a tu mascota a la funeraria?,¬øLlevas a tu mascota a la guarder√≠a?,¬øCon qu√© frecuencia llevas a tu mascota a la guarder√≠a?,¬øEs f√°cil para ti dejar a tu mascota en la guarder√≠a?,¬øEn que rango de valor est√°n los gastos de tu mascota mensualmente?,¬øTienes alguna persona que te ayude a pagar los gastos de tu mascota?,¬øCu√°ntas veces al d√≠a sacas a tu mascota a dar un paseo?,¬øCu√°ntas veces al d√≠a le das de comer a tu mascota,"¬øCu√°ntas veces por mes le compras comida, juguetes o accesorios a tu mascota?",¬øCada cu√°nto ba√±as a tu mascota?,¬øTu mascota es obediente?,De 1 a 5 ¬øQu√© tan amorosa es tu mascota?,¬øQu√© tanto disfrutas pasear con tu mascota?,¬øDe qu√© color es tu mascota?,Tu mascota hace sus necesidades en:,¬øQu√© es lo que m√°s te gusta de tu mascota?,Del f√≠sico de tu mascota ¬øQu√© es lo que m√°s te gusta?
4/10/2023 16:41:22,true,true,3,"perro, gato",Amoroso,Car√°cter o temperamento particular del animal,false,false,false,1 vez a la semana,false,de $50.000 a $200.000,true,3,3,3,cada dos semanas,true,4,5,"Blanco, Negro",En la calle,Su fidelidad,Sus huellas
4/10/2023 17:04:05,true,true,1,perro,Juguet√≥n,Ninguna de las anteriores,false,false,false,una vez al mes,false,de $50.000 a $200.000,true,4,3,4,una vez al mes,true,5,5,Caf√©,En la calle,Su alegr√≠a,Todo
4/10/2023 17:14:15,true,true,1,perro,Juguet√≥n,Necesidades del cuidado del animal,false,false,false,una vez al mes,false,de $50.000 a $200.000,true,2,4,2,cada dos meses,true,4,4,Negro,En la calle,Su compa√±√≠a,Su pelaje
4/10/2023 17:14:21,true,true,3,"perro, gato, p√°jaro",Amoroso,"Necesidades del cuidado del animal, Car√°cter o temperamento particular del animal",false,false,false,una vez al mes,false,de $0 a $50.000,false,1,3,2,cada dos semanas,true,5,5,Blanco,En la casa,Su amor,Sus ojos
4/10/2023 17:16:06,true,true,m√°s de 5,"perro, gato, Conejos",Amoroso,Necesidades del cuidado del animal,false,false,false,una vez al mes,false,de $0 a $50.000,true,1,3,3,cada dos semanas,true,5,4,Caf√©,En la casa,Su fidelidad,Su pelaje
4/10/2023 17:38:37,true,true,1,gato,perezoso,Necesidades del cuidado del animal,false,false,true,una vez al mes,true,de $50.000 a $200.000,false,2,3,2,cada dos meses,true,3,3,Caf√©,En la casa,Su compa√±√≠a,Sus ojos
4/10/2023 17:41:46,true,true,1,perro,Juguet√≥n,Necesidades del cuidado del animal,false,true,true,1 vez a la semana,false,de $50.000 a $200.000,true,2,2,2,cada dos semanas,true,5,5,Gris,En la calle,Su fidelidad,Su pelaje
4/10/2023 17:42:32,true,true,2,perro,Tierno,Ninguna de las anteriores,false,false,false,una vez al mes,true,de $50.000 a $200.000,false,m√°s de 5 veces,3,2,cada dos semanas,true,5,5,"Blanco, Caf√©",En la casa,Su compa√±√≠a,Sus ojos
4/10/2023 18:01:05,true,true,3,"perro, gato",Juguet√≥n,Necesidades del cuidado del animal,false,false,true,cada dos semanas,true,m√°s de $500.000,true,3,3,5,una vez al mes,true,4,5,"Blanco, Negro",En la calle,Su fidelidad,Sus huellas
4/10/2023 18:09:26,true,true,1,gato,Juguet√≥n,"Necesidades del cuidado del animal, Car√°cter o temperamento particular del animal",false,false,true,una vez al mes,true,de $50.000 a $200.000,false,1,2,1,una vez al mes,true,5,4,Blanco,En la casa,Su compa√±√≠a,Sus ojos
4/10/2023 18:11:04,true,true,3,"perro, gato",perezoso,Necesidades del cuidado del animal,false,false,false,1 vez a la semana,false,de $0 a $50.000,false,2,3,1,una vez al mes,true,5,5,"Blanco, Negro",En la calle,Su fidelidad,Sus huellas
4/10/2023 18:43:43,true,true,1,perro,gru√±√≥n,Necesidades del cuidado del animal,false,false,false,una vez al mes,false,de $50.000 a $200.000,false,4,4,2,una vez por semana,true,3,5,Negro,En la casa,Su fidelidad,Lo hermosa 
4/10/2023 19:06:41,true,true,3,"perro, gato",perezoso,Necesidades del cuidado del animal,false,false,false,una vez al mes,false,de $0 a $50.000,false,2,"2, 3",1,una vez al mes,true,4,5,"Blanco, Negro, Caf√©",En la calle,Su fidelidad,Su pelaje
4/10/2023 19:28:29,true,true,1,perro,gru√±√≥n,Ninguna de las anteriores,false,false,false,una vez al mes,false,de $0 a $50.000,true,3,2,1,una vez al mes,true,3,4,Gris,En la calle,Su compa√±√≠a,Barba 
4/10/2023 19:46:00,true,true,1,perro,Juguet√≥n,"Necesidades del cuidado del animal, Car√°cter o temperamento particular del animal",false,false,false,una vez al mes,false,de $50.000 a $200.000,false,3,3,3,cada dos meses,false,4,3,"Caf√©, Gris",En la calle,Su compa√±√≠a,Sus ojos
4/10/2023 19:48:32,true,true,5,gato,Amoroso,Ninguna de las anteriores,false,false,false,1 vez a la semana,true,de $50.000 a $200.000,false,3,2,1,cada dos meses,true,5,5,"Negro, Caf√©",En la calle,Su compa√±√≠a,Todo 
4/10/2023 19:49:07,true,true,1,perro,Tierno,Necesidades del cuidado del animal,false,false,false,1 vez a la semana,false,de $200.000 a $500.000,true,1,"3, 4",1,cada dos semanas,false,5,5,Amarillo,En la calle,Su compa√±√≠a,Sus ojos
4/10/2023 20:09:26,true,true,1,perro,gru√±√≥n,"Coste de entrenamiento y cuidado del animal, Car√°cter o temperamento particular del animal",false,false,true,una vez al mes,true,de $200.000 a $500.000,true,3,3,1,cada dos semanas,false,3,5,Blanco,En la calle,Su inteligencia,Su pelaje
4/10/2023 20:09:39,true,true,1,perro,gru√±√≥n,"Necesidades del cuidado del animal, Coste de entrenamiento y cuidado del animal",false,false,false,una vez al mes,false,de $50.000 a $200.000,true,4,3,4,una vez al mes,true,3,5,"Blanco, Caf√©",En la calle,Su compa√±√≠a,Sus ojos
4/10/2023 21:22:30,true,true,1,Pez ,perezoso,Necesidades del cuidado del animal,false,false,false,una vez al mes,false,de $0 a $50.000,false,1,2,2,una vez por semana,true,3,3,Negro,En la casa,Su alegr√≠a,Sus ojos
4/10/2023 22:07:29,true,true,1,perro,Juguet√≥n,Necesidades del cuidado del animal,false,false,false,una vez al mes,false,de $50.000 a $200.000,true,1,2,1,cada dos meses,false,5,5,Blanco,En la casa,Su amor,Sus huellas
4/11/2023 12:46:05,true,true,1,perro,Amoroso,Necesidades del cuidado del animal,false,false,false,Nunca,false la llevo a la guarder√≠a,de $50.000 a $200.000,true,2,3,2,cada dos semanas,true,5,5,Caf√©,En la calle,Su compa√±√≠a,Su cara
4/12/2023 20:21:33,true,true,2,perro,Juguet√≥n,Necesidades del cuidado del animal,false,true,true,cada dos semanas,false,m√°s de $500.000,false,1,2,1,una vez al mes,true,5,5,"Blanco, Caf√©",En la calle,Su fidelidad,Su pelaje
4/17/2023 13:14:57,true,true,1,perro,Tierno,"Necesidades del cuidado del animal, Car√°cter o temperamento particular del animal",false,false,false,Nunca,false la llevo a la guarder√≠a,de $50.000 a $200.000,false,1,2,2,una vez al mes,true,5,4,Blanco,En la casa,Su compa√±√≠a,Su pelaje
4/17/2023 13:21:21,true,true,1,perro,Amoroso,Coste de entrenamiento y cuidado del animal,false,false,false,Nunca,false la llevo a la guarder√≠a,m√°s de $500.000,false,3,2,3,cada dos meses,true,5,5,Caf√©,En la calle,Su compa√±√≠a,Sus ojos
4/17/2023 13:21:43,false,false,1,Tortuga ,Tierno,Ninguna de las anteriores,false,false,false,Nunca,false la llevo a la guarder√≠a,de $0 a $50.000,false,1,2,1,una vez por semana,false,5,2,Caf√©,En la casa,Su compa√±√≠a,Sus huellas
4/17/2023 13:24:11,true,true,1,gato,Amoroso,Necesidades del cuidado del animal,false,false,false,Nunca,false la llevo a la guarder√≠a,de $50.000 a $200.000,true,1,4,4,una vez al mes,false,5,5,Negro,En la casa,Su compa√±√≠a,Su cara y sus paticas
4/17/2023 13:24:48,true,true,5,perro,Tierno,Car√°cter o temperamento particular del animal,true,true,false,Nunca,false la llevo a la guarder√≠a,de $50.000 a $200.000,true,1,2,2,una vez al mes,true,5,5,Amarillo,En la casa,Su inteligencia,Las orejas
4/17/2023 13:25:27,true,true,1,gato,perezoso,Necesidades del cuidado del animal,false,true,false,Nunca,false la llevo a la guarder√≠a,de $50.000 a $200.000,false,1,2,2,una vez al mes,true,3,2,Amarillo,En la casa,Su inteligencia,Su pelaje
4/17/2023 13:26:22,true,true,2,"perro, gato",Juguet√≥n,Ninguna de las anteriores,false,true,false,Nunca,false la llevo a la guarder√≠a,de $50.000 a $200.000,true,1,3,5,una vez al mes,true,5,5,Negro,En la calle,Su inteligencia,Su pelaje
4/17/2023 13:27:04,true,false,1,gato,gru√±√≥n,Necesidades del cuidado del animal,false,true,false,Nunca,false la llevo a la guarder√≠a,de $50.000 a $200.000,true,1,3,2,una vez al mes,true,2,1,"Negro, Caf√©",En la casa,Su compa√±√≠a,Sus ojos
4/17/2023 13:27:49,true,true,1,perro,Amoroso,Necesidades del cuidado del animal,true,true,false,Nunca,false la llevo a la guarder√≠a,de $50.000 a $200.000,true,3,3,4,cada dos semanas,true,5,5,Blanco,En la calle,Su fidelidad,Sus ojos
4/17/2023 13:28:05,true,true,1,perro,Todas las anteriores ,"Necesidades del cuidado del animal, Coste de entrenamiento y cuidado del animal, Car√°cter o temperamento particular del animal",false,true,false,Nunca,false la llevo a la guarder√≠a,de $50.000 a $200.000,false,1,2,2,una vez al mes,false,5,3,Caf√©,En la casa,Su amor,Las orejas 
4/17/2023 13:28:25,true,true,2,gato,Juguet√≥n,Necesidades del cuidado del animal,false,true,false,Nunca,false la llevo a la guarder√≠a,de $200.000 a $500.000,false,1,2,2,una vez al mes,false,4,2,Blanco,En la casa,Su compa√±√≠a,Sus ojos
4/17/2023 13:29:36,true,true,2,gato,Juguet√≥n,Necesidades del cuidado del animal,false,true,false,Nunca,false la llevo a la guarder√≠a,de $50.000 a $200.000,true,1,5,4,cada dos meses,true,4,5,Negro,En la casa,Su compa√±√≠a,Sus ojos
4/17/2023 13:29:49,true,true,1,perro,perezoso,"Necesidades del cuidado del animal, Coste de entrenamiento y cuidado del animal",false,true,false,Nunca,false la llevo a la guarder√≠a,de $0 a $50.000,false,1,2,1,cada dos semanas,true,5,5,Caf√©,En la casa,Su amor,Sus huellas
4/17/2023 13:31:26,true,true,1,perro,Juguet√≥n,Necesidades del cuidado del animal,false,false,false,Nunca,false la llevo a la guarder√≠a,de $50.000 a $200.000,false,m√°s de 5 veces,3,3,cada dos semanas,true,5,5,Negro,En la calle,Su inteligencia,Su pelaje
4/17/2023 13:32:21,true,true,1,perro,Amoroso,Necesidades del cuidado del animal,false,false,false,Nunca,false,de $200.000 a $500.000,false,2,2,2,cada dos semanas,true,5,5,Caf√©,En la casa,Su compa√±√≠a,Su pelaje
4/17/2023 13:32:34,true,true,1,gato,perezoso,Necesidades del cuidado del animal,false,false,false,Nunca,false la llevo a la guarder√≠a,de $50.000 a $200.000,true,1,3,1,una vez al mes,true,5,4,Caf√©,En la casa,Su fidelidad,Todo su ser
4/17/2023 13:32:40,true,true,2,perro,perezoso,Necesidades del cuidado del animal,false,true,true,Nunca,true,de $50.000 a $200.000,true,3,3,3,una vez por semana,true,5,5,"Negro, Gris",En la calle,Su fidelidad,Su pelaje
4/17/2023 13:36:12,true,true,1,perro,perezoso,Necesidades del cuidado del animal,false,false,false,Nunca,false la llevo a la guarder√≠a,m√°s de $500.000,true,3,3,1,cada dos semanas,true,5,4,Amarillo,En la calle,Su amor,Sus ojos
4/17/2023 13:37:24,false,true,1,perro,Amoroso,"Necesidades del cuidado del animal, Coste de entrenamiento y cuidado del animal",true,true,false,Nunca,false la llevo a la guarder√≠a,de $200.000 a $500.000,true,2,2,3,cada dos semanas,true,5,2,"Blanco, Negro, Gris",En la calle,Su fidelidad,Su pelaje
4/17/2023 13:37:43,true,false,,,,,,,,,,,,,,,,,,,,,,
4/17/2023 13:37:52,true,true,2,gato,Amoroso,Necesidades del cuidado del animal,false,false,false,Nunca,false la llevo a la guarder√≠a,de $50.000 a $200.000,false,1,1,1,una vez al mes,true,4,1,Gris,En la casa,Su fidelidad,Su pelaje
4/17/2023 13:38:00,true,true,1,perro,Amoroso,Necesidades del cuidado del animal,false,true,false,Nunca,false la llevo a la guarder√≠a,de $50.000 a $200.000,false,2,2,3,una vez al mes,true,5,4,Amarillo,En la calle,Su compa√±√≠a,Sus huellas
4/17/2023 13:39:17,true,false,4,"perro, gato",Juguet√≥n,Coste de entrenamiento y cuidado del animal,false,false,false,Nunca,false la llevo a la guarder√≠a,de $50.000 a $200.000,true,m√°s de 5 veces,2,2,una vez al mes,false,5,5,"Negro, Amarillo, Gris",En la casa,Su fidelidad,Sus ojos
4/17/2023 13:39:57,true,false,,,,,,,,,,,,,,,,,,,,,,
4/17/2023 13:40:43,true,true,1,gato,Juguet√≥n,"Necesidades del cuidado del animal, Coste de entrenamiento y cuidado del animal, Car√°cter o temperamento particular del animal",false,false,false,Nunca,false la llevo a la guarder√≠a,de $50.000 a $200.000,true,1,3,3,cada dos semanas,false,5,5,Gris,En la casa,Su compa√±√≠a,Todo 
4/17/2023 13:40:50,true,true,1,perro,Tierno,Necesidades del cuidado del animal,false,false,false,Nunca,false la llevo a la guarder√≠a,de $0 a $50.000,false,1,1,1,cada dos meses,true,5,5,Blanco,En la casa,Su compa√±√≠a,Su pelaje
4/17/2023 13:42:41,true,true,1,gato,Amoroso,Necesidades del cuidado del animal,true,true,false,Nunca,false la llevo a la guarder√≠a,de $50.000 a $200.000,false,1,2,2,una vez al mes,true,4,4,Gris,En la casa,Su compa√±√≠a,Sus ojos
4/17/2023 13:42:52,true,true,2,perro,Amoroso,Necesidades del cuidado del animal,false,true,false,Nunca,false la llevo a la guarder√≠a,de $50.000 a $200.000,true,1,3,1,una vez al mes,true,4,5,Amarillo,En la casa,Su compa√±√≠a,Su pelaje
4/17/2023 13:44:14,true,true,3,"perro, gato",Amoroso,Necesidades del cuidado del animal,false,false,true,una vez al mes,true,de $50.000 a $200.000,true,2,2,2,una vez por semana,true,5,5,"Negro, Caf√©",En la calle,Su compa√±√≠a,Su pelaje
4/17/2023 13:44:23,true,true,1,perro,Amoroso,Necesidades del cuidado del animal,false,false,false,Nunca,false la llevo a la guarder√≠a,de $0 a $50.000,true,3,2,1,cada dos meses,true,5,5,Negro,En la calle,Su amor,Su pelaje
4/17/2023 13:47:10,true,true,3,"perro, gato",Juguet√≥n,Necesidades del cuidado del animal,false,false,false,Nunca,false la llevo a la guarder√≠a,de $50.000 a $200.000,true,m√°s de 5 veces,2,1,cada dos meses,true,5,5,"Blanco, Negro, Amarillo",En la calle,Su compa√±√≠a,son peque√±os y gorditos
4/17/2023 13:48:14,true,true,2,gato,gru√±√≥n,Necesidades del cuidado del animal,false,false,false,Nunca,false la llevo a la guarder√≠a,de $50.000 a $200.000,true,1,2,3,una vez al mes,true,3,5,Amarillo,En la casa,Su compa√±√≠a,Su pelaje
4/17/2023 13:48:55,true,false,,,,,,,,,,,,,,,,,,,,,,
4/17/2023 13:53:40,true,true,1,perro,Juguet√≥n,Necesidades del cuidado del animal,false,false,false,Nunca,false la llevo a la guarder√≠a,de $0 a $50.000,false,1,2,1,cada dos meses,true,4,3,Caf√©,En la casa,Su compa√±√≠a,Sus ojos
4/17/2023 13:54:56,true,true,3,"perro, gato",Amoroso,Necesidades del cuidado del animal,false,false,false,Nunca,false la llevo a la guarder√≠a,de $50.000 a $200.000,true,2,"2, 3",2,una vez al mes,true,5,4,"Blanco, Negro, Caf√©",En la casa,Su compa√±√≠a,Sus ojos
4/17/2023 13:58:47,true,false,,,,,,,,,,,,,,,,,,,,,,
4/17/2023 13:58:52,true,true,2,"perro, huron",Amoroso,"Necesidades del cuidado del animal, Coste de entrenamiento y cuidado del animal",false,true,false,Nunca,false la llevo a la guarder√≠a,de $50.000 a $200.000,false,1,4,2,cada dos semanas,true,4,3,"Blanco, Amarillo, Caf√©",En la casa,Su compa√±√≠a,Sus huellas
4/17/2023 13:58:54,true,true,1,perro,Amoroso,Ninguna de las anteriores,false,true,false,Nunca,false la llevo a la guarder√≠a,de $50.000 a $200.000,true,1,2,4,cada dos semanas,true,5,5,Negro,En la calle,Su inteligencia,Su pelaje
4/17/2023 13:59:04,true,true,1,gato,Amoroso,Necesidades del cuidado del animal,false,false,false,Nunca,false la llevo a la guarder√≠a,de $0 a $50.000,true,2,3,4,cada dos meses,true,4,4,Negro,En la casa,Su compa√±√≠a,Su pelaje
4/17/2023 14:04:59,true,true,1,p√°jaro,Tierno,Necesidades del cuidado del animal,false,false,false,Nunca,false la llevo a la guarder√≠a,de $0 a $50.000,true,1,3,2,una vez por semana,false,2,4,Negro,En la casa,Su alegr√≠a,Su pelaje
4/17/2023 14:08:32,true,true,1,gato,Amoroso,Necesidades del cuidado del animal,false,false,false,Nunca,false la llevo a la guarder√≠a,de $50.000 a $200.000,false,1,3,1,una vez al mes,true,5,2,Amarillo,En la casa,Su compa√±√≠a,Sus ojos
4/17/2023 14:10:53,false,false,,,,,,,,,,,,,,,,,,,,,,
4/17/2023 14:15:24,true,true,1,perro,Juguet√≥n,"Necesidades del cuidado del animal, Coste de entrenamiento y cuidado del animal, Car√°cter o temperamento particular del animal",false,false,false,Nunca,false la llevo a la guarder√≠a,de $50.000 a $200.000,false,2,3,1,cada dos meses,true,2,4,"Negro, Amarillo, Caf√©",En la calle,Su fidelidad,Su pelaje
4/17/2023 14:18:28,false,false,,,,,,,,,,,,,,,,,,,,,,
4/17/2023 14:26:18,true,true,1,perro,Tierno,Necesidades del cuidado del animal,false,false,false,Nunca,false la llevo a la guarder√≠a,de $50.000 a $200.000,true,3,3,4,una vez al mes,true,5,4,Blanco,En la casa,Su fidelidad,Sus huellas
4/17/2023 14:29:02,true,true,1,gato,Amoroso,"Necesidades del cuidado del animal, Coste de entrenamiento y cuidado del animal",false,false,true,una vez al mes,true,de $0 a $50.000,true,1,4,2,cada dos meses,true,5,1,"Negro, Amarillo",En la casa,Su amor,Su pelaje
4/17/2023 14:31:42,true,true,3,gato,Tierno,Necesidades del cuidado del animal,true,false,false,Nunca,false la llevo a la guarder√≠a,de $50.000 a $200.000,true,1,3,1,cada dos meses,false,3,1,"Blanco, Negro, Amarillo, Gris",En la calle,Su compa√±√≠a,Sus ojos
4/17/2023 14:44:18,true,true,3,perro,Amoroso,"Necesidades del cuidado del animal, Coste de entrenamiento y cuidado del animal, Car√°cter o temperamento particular del animal",false,false,true,1 vez a la semana,false,de $200.000 a $500.000,true,2,2,3,cada dos meses,true,5,5,Caf√©,En la calle,Su amor,Orejas
4/17/2023 14:49:57,true,false,,,,,,,,,,,,,,,,,,,,,,
4/17/2023 14:52:17,true,true,2,gato,Tierno,Necesidades del cuidado del animal,false,true,false,Nunca,false,de $50.000 a $200.000,false,1,2,1,cada dos meses,true,5,1,Blanco,En la casa,Su fidelidad,Sus ojos
4/17/2023 14:58:17,true,true,4,gato,perezoso,Necesidades del cuidado del animal,false,false,false,Nunca,false la llevo a la guarder√≠a,de $200.000 a $500.000,true,m√°s de 5 veces,1,1,cada dos meses,true,5,1,Negro,En la casa,Su compa√±√≠a,Su pelaje
4/17/2023 15:08:33,true,true,2,gato,Amoroso,Necesidades del cuidado del animal,false,false,false,Nunca,false la llevo a la guarder√≠a,de $50.000 a $200.000,false,1,3,1,una vez al mes,true,4,1,Caf√©,En la casa,Su compa√±√≠a,Su pelaje
4/17/2023 15:17:34,true,true,3,perro,Juguet√≥n,Necesidades del cuidado del animal,false,false,false,Nunca,false la llevo a la guarder√≠a,de $50.000 a $200.000,false,1,3,3,una vez al mes,true,4,5,"Negro, Amarillo",En la calle,Su amor,Sus huellas
4/17/2023 15:25:02,true,true,2,gato,Juguet√≥n,Necesidades del cuidado del animal,false,false,false,Nunca,false la llevo a la guarder√≠a,de $50.000 a $200.000,false,2,3,2,cada dos meses,true,5,5,"Blanco, Negro, Amarillo",En la casa,Su compa√±√≠a,Su pelaje
4/17/2023 15:38:47,true,true,1,perro,Amoroso,"Necesidades del cuidado del animal, Coste de entrenamiento y cuidado del animal, Car√°cter o temperamento particular del animal",false,false,false,Nunca,false la llevo a la guarder√≠a,de $50.000 a $200.000,true,4,2,4,cada dos meses,true,5,4,Negro,En la calle,Su compa√±√≠a,Su pelaje
4/17/2023 15:41:24,true,false,,,,,,,,,,,,,,,,,,,,,,
4/17/2023 15:44:42,true,true,4,perro,Tierno,Necesidades del cuidado del animal,false,true,false,Nunca,false la llevo a la guarder√≠a,de $200.000 a $500.000,false,4,3,1,una vez al mes,true,4,5,"Blanco, Negro",En la calle,Su fidelidad,Su pelaje
4/17/2023 15:46:07,true,false,,,,,,,,,,,,,,,,,,,,,,
4/17/2023 15:49:00,true,true,1,perro,Juguet√≥n,Necesidades del cuidado del animal,false,false,false,Nunca,false la llevo a la guarder√≠a,de $200.000 a $500.000,true,m√°s de 5 veces,3,5,cada dos semanas,true,4,5,Negro,En la calle,Su alegr√≠a,Sus ojos
4/17/2023 15:52:34,true,true,1,Tortugas ,perezoso,Necesidades del cuidado del animal,false,false,false,Nunca,false,de $0 a $50.000,true,1,2,3,una vez por semana,false,1,3,"Negro, Caf√©",En la casa,Su fidelidad,Sus huellas
4/17/2023 16:46:03,true,true,2,"perro, gato",Juguet√≥n,Necesidades del cuidado del animal,false,false,false,Nunca,false,de $50.000 a $200.000,false,1,2,3,cada dos semanas,true,5,3,Blanco,En la casa,Su fidelidad,Su pelaje
4/17/2023 16:49:54,true,true,2,"perro, gato",Juguet√≥n,Necesidades del cuidado del animal,false,false,false,Nunca,false la llevo a la guarder√≠a,de $50.000 a $200.000,true,3,2,5,una vez al mes,true,5,4,"Blanco, Negro",En la calle,Su compa√±√≠a,Sus huellas
4/17/2023 17:38:06,true,true,5,"perro, gato, hamster",Juguet√≥n,Ninguna de las anteriores,false,false,false,Nunca,false la llevo a la guarder√≠a,de $50.000 a $200.000,true,2,3,5,una vez al mes,true,4,5,"Blanco, Negro",En la casa,Su compa√±√≠a,Sus ojos
4/17/2023 17:48:58,true,false,,,,,,,,,,,,,,,,,,,,,,
4/17/2023 18:04:33,true,true,1,perro,Amoroso,Necesidades del cuidado del animal,false,true,false,Nunca,false la llevo a la guarder√≠a,de $50.000 a $200.000,true,3,"3, 4",2,cada dos semanas,true,5,5,"Blanco, Amarillo, Caf√©",En la calle,Su fidelidad,Su pelaje
4/17/2023 18:05:11,true,true,1,perro,Juguet√≥n,"Necesidades del cuidado del animal, Coste de entrenamiento y cuidado del animal, Car√°cter o temperamento particular del animal",false,true,false,Nunca,false la llevo a la guarder√≠a,de $200.000 a $500.000,false,1,2,4,una vez al mes,true,5,5,Blanco,En la casa,Su fidelidad,Todo
4/17/2023 18:05:34,true,true,4,"perro, gato",Juguet√≥n,"Necesidades del cuidado del animal, Car√°cter o temperamento particular del animal",false,false,true,una vez al mes,false,de $50.000 a $200.000,false,3,3,1,una vez al mes,true,5,5,"Negro, Amarillo, Gris",En la calle,Su compa√±√≠a,Su pelaje
4/17/2023 18:26:50,true,true,1,gato,Amoroso,Necesidades del cuidado del animal,false,false,false,Nunca,false la llevo a la guarder√≠a,de $200.000 a $500.000,true,1,3,5,,true,4,1,Negro,En la casa,Su amor,Sus ojos
4/17/2023 18:29:07,true,true,1,gato,gru√±√≥n,Necesidades del cuidado del animal,false,false,false,Nunca,false la llevo a la guarder√≠a,de $0 a $50.000,true,1,4,1,cada dos meses,true,3,1,Negro,En la casa,Su inteligencia,Su pelaje
4/17/2023 21:47:24,true,false,,,,,,,,,,,,,,,,,,,,,,
4/18/2023 6:54:53,true,false,,,,,,,,,,,,,,,,,,,,,,
4/18/2023 19:07:26,true,false,,,,,,,,,,,,,,,,,,,,,,
4/20/2023 6:40:21,true,true,4,"perro, gato",Amoroso,Necesidades del cuidado del animal,false,false,false,Nunca,false la llevo a la guarder√≠a,de $50.000 a $200.000,true,3,3,2,cada dos meses,true,5,5,"Blanco, Negro, Caf√©",En la casa,Su compa√±√≠a,Sus ojos
4/20/2023 18:11:48,true,true,1,gato,gru√±√≥n,Necesidades del cuidado del animal,false,false,false,Nunca,false la llevo a la guarder√≠a,de $0 a $50.000,true,1,4,3,una vez al mes,false,3,3,"Blanco, Negro, Amarillo",En la casa,Su compa√±√≠a,Sus huellas
4/20/2023 18:22:56,true,true,2,"perro, gato",Juguet√≥n,Necesidades del cuidado del animal,false,false,false,Nunca,false la llevo a la guarder√≠a,de $50.000 a $200.000,false,1,3,4,una vez al mes,true,5,5,"Blanco, Negro, Gris",En la casa,Su inteligencia,Todo üòç
4/20/2023 18:48:38,true,true,3,Caballos perros gatos y un pato,Todas las anteriores,Necesidades del cuidado del animal,false,false,false,Nunca,false la llevo a la guarder√≠a,de $200.000 a $500.000,true,m√°s de 5 veces,4,1,una vez al mes,true,4,5,"Blanco, Negro, Amarillo, Caf√©, Gris",En la casa,Su compa√±√≠a,Todo
4/24/2023 20:03:54,true,true,2,perro,Tierno,Necesidades del cuidado del animal,false,false,false,Nunca,false,de $50.000 a $200.000,false,3,5,3,una vez por semana,false,5,5,"Negro, Caf√©",En la calle,Su compa√±√≠a,Sus ojos